﻿<?xml version="1.0"?>
<doc>
<assembly>
<name>
RunGreaseWeazel
</name>
</assembly>
<members>
<member name="T:RunGreaseWeazel.My.Resources.Resources">
<summary>
  A strongly-typed resource class, for looking up localized strings, etc.
</summary>
</member>
<member name="P:RunGreaseWeazel.My.Resources.Resources.ResourceManager">
<summary>
  Returns the cached ResourceManager instance used by this class.
</summary>
</member>
<member name="P:RunGreaseWeazel.My.Resources.Resources.Culture">
<summary>
  Overrides the current thread's CurrentUICulture property for all
  resource lookups using this strongly typed resource class.
</summary>
</member>
<member name="M:RunGreaseWeazel.frmMain.FrmMain_Load(System.Object,System.EventArgs)">
 <summary>
 Sets the title of the Form with the form name plus exe version number
 </summary>
</member>
<member name="M:RunGreaseWeazel.frmMain.SetUpScreen">
 <summary>
 Loads settings from VB My.Settings (local) and sets the variables onscreen. Also sets up tooltips.
 </summary>
</member>
<member name="M:RunGreaseWeazel.frmMain.EnableDarkTheme(System.Boolean)">
 <summary>
 Simple attempt to create an easier to use night mode.
 </summary>
 <param name="EnableDark">If true, set the program to dark, if not set to default</param>
</member>
<member name="M:RunGreaseWeazel.frmMain.SaveSettings">
 <summary>
 Write Settings out to VB.NET My.Settings section (All settings are per user)
 </summary>
</member>
<member name="M:RunGreaseWeazel.frmMain.CreateFileName(System.Boolean)">
 <summary>
 Create a filename from the attributes onscreen. (Including checking if file exists, if necessary)
 </summary>
 <param name="CheckExists">Check to see if the file exists on the disk. If so, append an integer to prevent GreaseSeazle from overwriting.</param>
 <returns>Filename as a string.</returns>
</member>
<member name="M:RunGreaseWeazel.frmMain.CallGreaseWeazel(System.String,System.String,System.Int32,System.String,System.String,System.Boolean,System.Int32,System.Char,System.Int32,System.Int32,System.Boolean,System.Boolean,System.Int32)">
 <summary>
 Calls python.exe to run the gw.py script (Or run gw.exe directly in later versions)
 </summary>
 <param name="PythonEXE">Path to the python.exe. Python install folder must be in PATH variable.</param>
 <param name="gwLoc">Path to gw.py</param>
 <param name="GWAction">Call the GreaseWeazle function to perform: Read, Write, Erase, Reset, Update, Set Pin Level as integer</param>
 <param name="fName">Path to file to read/write</param>
 <param name="ComPort">COM port to talk to GreaseWeazle hardware on. v0.11+ supports 'auto'.</param>
 <param name="DoubleStep">Move the head twice for every track move indicated. Allows usage of a 40 track disk on an 80 track drive</param>
 <param name="PinToSet">The pin number (on the back of the floppy drive) to change value</param>
 <param name="PinLevel">Char: L or H denotes (L)ow 0v, or (H)igh 5v</param>
 <param name="RPM">Integer: Sets the drive RPM. This value gets processed first</param>
 <param name="Rate">Bitcell rate. 250 for DD disks, 500 for HD disks.</param>
 <returns></returns>
</member>
<member name="M:RunGreaseWeazel.frmMain.CheckVisible">
 <summary>
 Check to see which buttons, text boxes etc should be visible
 </summary>
</member>
</members>
</doc>
